사용월,호선명,역ID,지하철역,유임승차,유임하차,무임승차,무임하차,작업일시
2020-05,1호선,0150,서울역,"917,128","866,276","164,309","154,455",2020-06-03 11:49:03
2020-05,1호선,0151,시청,"418,506","421,540","59,606","57,496",2020-06-03 11:49:03
2020-05,1호선,0152,종각,"768,519","751,259","113,420","106,445",2020-06-03 11:49:03
2020-05,1호선,0153,종로3가,"428,388","399,882","272,866","258,827",2020-06-03 11:49:03
2020-05,1호선,0154,종로5가,"345,795","358,711","240,851","231,612",2020-06-03 11:49:03
2020-05,1호선,0155,동대문,"213,742","220,134","115,710","120,140",2020-06-03 11:49:03
2020-05,1호선,0156,신설동,"261,099","262,223","104,972","100,777",2020-06-03 11:49:03
2020-05,1호선,0157,제기동,"214,775","210,247","239,192","255,850",2020-06-03 11:49:03
2020-05,1호선,0158,청량리(서울시립대입구),"314,602","308,496","250,231","255,056",2020-06-03 11:49:03
2020-05,1호선,0159,동묘앞,"123,775","135,338","142,827","144,520",2020-06-03 11:49:03
2020-05,2호선,0201,시청,"473,410","471,436","41,742","37,811",2020-06-03 11:49:03
2020-05,2호선,0202,을지로입구,"820,905","840,953","78,670","73,616",2020-06-03 11:49:03
2020-05,2호선,0203,을지로3가,"418,963","422,650","59,255","58,936",2020-06-03 11:49:03
2020-05,2호선,0204,을지로4가,"224,392","225,724","79,812","77,724",2020-06-03 11:49:03
2020-05,2호선,0205,동대문역사문화공원(DDP),"266,240","299,137","46,454","48,902",2020-06-03 11:49:03
2020-05,2호선,0206,신당,"272,686","278,419","83,601","85,630",2020-06-03 11:49:03
2020-05,2호선,0207,상왕십리,"288,421","273,957","53,458","53,598",2020-06-03 11:49:03
2020-05,2호선,0208,왕십리(성동구청),"371,973","313,657","44,342","37,932",2020-06-03 11:49:03
2020-05,2호선,0209,한양대,"161,644","178,847","11,327","11,787",2020-06-03 11:49:03
2020-05,2호선,0210,뚝섬,"436,340","471,097","48,599","49,292",2020-06-03 11:49:03
2020-05,2호선,0211,성수,"665,274","747,681","84,072","85,813",2020-06-03 11:49:03
2020-05,2호선,0212,건대입구,"856,580","936,767","75,215","77,792",2020-06-03 11:49:03
2020-05,2호선,0213,구의(광진구청),"510,903","492,915","86,974","88,706",2020-06-03 11:49:03
2020-05,2호선,0214,강변(동서울터미널),"790,927","778,614","103,186","100,997",2020-06-03 11:49:03
2020-05,2호선,0215,잠실나루,"282,046","270,731","65,314","65,760",2020-06-03 11:49:03
2020-05,2호선,0216,잠실(송파구청),"1,580,411","1,544,243","146,015","138,548",2020-06-03 11:49:03
2020-05,2호선,0217,잠실새내,"441,871","457,093","82,499","83,105",2020-06-03 11:49:03
2020-05,2호선,0218,종합운동장,"145,385","158,789","29,651","31,158",2020-06-03 11:49:03
2020-05,2호선,0219,삼성(무역센터),"1,101,158","1,134,977","89,028","82,495",2020-06-03 11:49:03
2020-05,2호선,0220,선릉,"1,122,297","1,005,112","183,152","162,893",2020-06-03 11:49:03
2020-05,2호선,0221,역삼,"980,725","1,099,090","130,408","131,735",2020-06-03 11:49:03
2020-05,2호선,0222,강남,"2,010,031","2,024,007","145,213","128,063",2020-06-03 11:49:03
2020-05,2호선,0223,교대(법원.검찰청),"695,963","788,287","124,759","139,625",2020-06-03 11:49:03
2020-05,2호선,0224,서초,"456,671","448,265","66,651","68,033",2020-06-03 11:49:03
2020-05,2호선,0225,방배,"354,429","368,004","59,466","58,603",2020-06-03 11:49:03
2020-05,2호선,0226,사당,"821,322","930,841","150,681","146,335",2020-06-03 11:49:03
2020-05,2호선,0227,낙성대(강감찬),"618,618","585,774","90,051","91,739",2020-06-03 11:49:03
2020-05,2호선,0228,서울대입구(관악구청),"1,086,414","1,065,344","158,038","152,879",2020-06-03 11:49:03
2020-05,2호선,0229,봉천,"501,377","451,329","123,118","124,243",2020-06-03 11:49:03
2020-05,2호선,0230,신림,"1,484,360","1,419,570","187,519","188,294",2020-06-03 11:49:03
2020-05,2호선,0231,신대방,"587,126","556,442","103,673","105,035",2020-06-03 11:49:03
2020-05,2호선,0232,구로디지털단지,"1,342,972","1,339,280","135,028","135,833",2020-06-03 11:49:03
2020-05,2호선,0233,대림(구로구청),"562,375","572,269","94,109","97,721",2020-06-03 11:49:03
2020-05,2호선,0234,신도림,"1,134,072","1,124,790","157,322","149,794",2020-06-03 11:49:03
2020-05,2호선,0235,문래,"436,033","451,852","62,126","61,801",2020-06-03 11:49:03
2020-05,2호선,0236,영등포구청,"456,930","468,729","82,106","81,463",2020-06-03 11:49:03
2020-05,2호선,0237,당산,"438,739","502,450","52,086","56,239",2020-06-03 11:49:03
2020-05,2호선,0238,합정,"718,702","766,783","57,244","56,151",2020-06-03 11:49:03
2020-05,2호선,0239,홍대입구,"1,203,512","1,279,518","78,299","75,667",2020-06-03 11:49:03
2020-05,2호선,0240,신촌,"744,326","778,081","100,726","97,229",2020-06-03 11:49:03
2020-05,2호선,0241,이대,"261,526","271,292","35,478","36,978",2020-06-03 11:49:03
2020-05,2호선,0242,아현,"192,092","180,818","51,938","51,554",2020-06-03 11:49:03
2020-05,2호선,0243,충정로(경기대입구),"202,945","215,983","38,933","39,185",2020-06-03 11:49:03
2020-05,2호선,0244,용답,"50,263","49,014","15,688","15,031",2020-06-03 11:49:03
2020-05,2호선,0245,신답,"30,248","33,841","8,719","9,279",2020-06-03 11:49:03
2020-05,2호선,0246,신설동,"62,358","57,884","28,792","30,494",2020-06-03 11:49:03
2020-05,2호선,0247,도림천,"23,597","24,548","5,782","6,126",2020-06-03 11:49:03
2020-05,2호선,0248,양천구청,"130,062","135,672","36,220","37,188",2020-06-03 11:49:03
2020-05,2호선,0249,신정네거리,"183,837","191,710","56,363","57,990",2020-06-03 11:49:03
2020-05,2호선,0250,용두(동대문구청),"37,794","38,444","19,704","21,142",2020-06-03 11:49:03
2020-05,3호선,0309,지축,"70,500","66,228","14,800","15,998",2020-06-03 11:49:03
2020-05,3호선,0310,구파발,"437,421","415,647","95,103","90,601",2020-06-03 11:49:03
2020-05,3호선,0311,연신내,"783,230","736,628","226,072","219,946",2020-06-03 11:49:03
2020-05,3호선,0312,불광,"314,797","343,165","115,283","127,493",2020-06-03 11:49:03
2020-05,3호선,0313,녹번,"282,310","244,831","57,725","56,911",2020-06-03 11:49:03
2020-05,3호선,0314,홍제,"331,929","308,424","122,291","119,607",2020-06-03 11:49:03
2020-05,3호선,0315,무악재,"72,729","72,646","23,912","25,782",2020-06-03 11:49:03
2020-05,3호선,0316,독립문,"124,861","134,506","61,663","61,695",2020-06-03 11:49:03
2020-05,3호선,0317,경복궁(정부서울청사),"394,010","401,023","61,977","58,599",2020-06-03 11:49:03
2020-05,3호선,0318,안국,"401,131","432,236","59,372","61,205",2020-06-03 11:49:03
2020-05,3호선,0319,종로3가,"186,156","231,562","46,851","52,818",2020-06-03 11:49:03
2020-05,3호선,0320,을지로3가,"199,216","216,492","43,604","42,633",2020-06-03 11:49:03
2020-05,3호선,0321,충무로,26,0,2,0,2020-06-03 11:49:03
2020-05,3호선,0322,동대입구,"156,342","168,663","27,259","30,545",2020-06-03 11:49:03
2020-05,3호선,0323,약수,"258,587","253,891","67,682","64,935",2020-06-03 11:49:03
2020-05,3호선,0324,금호,"165,615","150,634","44,623","43,988",2020-06-03 11:49:03
2020-05,3호선,0325,옥수,"189,380","194,701","47,990","48,031",2020-06-03 11:49:03
2020-05,3호선,0326,압구정,"655,476","714,756","102,763","100,400",2020-06-03 11:49:03
2020-05,3호선,0327,신사,"690,416","748,596","60,137","57,972",2020-06-03 11:49:03
2020-05,3호선,0328,잠원,"119,550","115,232","29,156","28,623",2020-06-03 11:49:03
2020-05,3호선,0329,고속터미널,"1,051,579","1,036,132","132,738","127,615",2020-06-03 11:49:03
2020-05,3호선,0330,교대(법원.검찰청),"280,464","185,875","53,711","32,325",2020-06-03 11:49:03
2020-05,3호선,0331,남부터미널(예술의전당),"634,391","649,839","92,565","93,362",2020-06-03 11:49:03
2020-05,3호선,0332,양재(서초구청),"790,400","865,279","118,047","119,721",2020-06-03 11:49:03
2020-05,3호선,0333,매봉,"221,421","214,823","45,503","41,365",2020-06-03 11:49:03
2020-05,3호선,0334,도곡,"106,519","109,642","20,009","17,865",2020-06-03 11:49:03
2020-05,3호선,0335,대치,"222,718","215,620","46,016","43,776",2020-06-03 11:49:03
2020-05,3호선,0336,학여울,"32,057","32,863","10,611","10,427",2020-06-03 11:49:03
2020-05,3호선,0337,대청,"185,679","169,206","44,639","42,667",2020-06-03 11:49:03
2020-05,3호선,0338,일원,"166,837","163,154","44,799","44,164",2020-06-03 11:49:03
2020-05,3호선,0339,수서,"341,662","341,408","83,954","82,997",2020-06-03 11:49:03
2020-05,3호선,0340,가락시장,"165,689","162,985","62,230","60,750",2020-06-03 11:49:03
2020-05,3호선,0341,경찰병원,"146,688","145,882","33,348","34,097",2020-06-03 11:49:03
2020-05,3호선,0342,오금,"132,238","118,372","22,940","22,200",2020-06-03 11:49:03
2020-05,4호선,0409,당고개,"249,563","225,092","81,430","80,517",2020-06-03 11:49:03
2020-05,4호선,0410,상계,"398,718","356,421","100,669","98,670",2020-06-03 11:49:03
2020-05,4호선,0411,노원,"438,797","509,211","75,876","74,664",2020-06-03 11:49:03
2020-05,4호선,0412,창동,"522,021","557,512","166,213","172,846",2020-06-03 11:49:03
2020-05,4호선,0413,쌍문,"640,755","564,128","136,015","133,383",2020-06-03 11:49:03
2020-05,4호선,0414,수유(강북구청),"732,092","717,716","169,650","168,581",2020-06-03 11:49:03
2020-05,4호선,0415,미아(서울사이버대학),"298,015","277,710","98,853","100,115",2020-06-03 11:49:03
2020-05,4호선,0416,미아사거리,"585,279","565,181","158,848","157,683",2020-06-03 11:49:03
2020-05,4호선,0417,길음,"414,454","389,932","94,386","94,405",2020-06-03 11:49:03
2020-05,4호선,0418,성신여대입구(돈암),"452,990","433,476","74,492","72,113",2020-06-03 11:49:03
2020-05,4호선,0419,한성대입구(삼선교),"282,783","279,332","62,029","61,201",2020-06-03 11:49:03
2020-05,4호선,0420,혜화,"682,236","707,382","101,298","100,066",2020-06-03 11:49:03
2020-05,4호선,0421,동대문,"394,356","407,214","140,707","132,133",2020-06-03 11:49:03
2020-05,4호선,0422,동대문역사문화공원(DDP),"335,943","316,147","46,867","42,598",2020-06-03 11:49:03
2020-05,4호선,0423,충무로,"520,098","546,425","97,614","98,138",2020-06-03 11:49:03
2020-05,4호선,0424,명동,"389,247","416,615","46,230","47,359",2020-06-03 11:49:03
2020-05,4호선,0425,회현(남대문시장),"440,396","479,336","160,221","160,653",2020-06-03 11:49:03
2020-05,4호선,0426,서울역,"230,021","353,621","31,183","36,897",2020-06-03 11:49:03
2020-05,4호선,0427,숙대입구(갈월),"282,236","278,963","42,791","39,990",2020-06-03 11:49:03
2020-05,4호선,0428,삼각지,"90,617","102,307","19,644","20,481",2020-06-03 11:49:03
2020-05,4호선,0429,신용산,"322,720","336,685","39,996","40,082",2020-06-03 11:49:03
2020-05,4호선,0430,이촌(국립중앙박물관),"139,400","162,224","33,642","36,895",2020-06-03 11:49:03
2020-05,4호선,0431,동작(현충원),"49,918","52,459","21,236","21,089",2020-06-03 11:49:03
2020-05,4호선,0432,총신대입구(이수),"376,400","420,322","123,217","129,066",2020-06-03 11:49:03
2020-05,4호선,0433,사당,"580,911","494,621","72,068","70,449",2020-06-03 11:49:03
2020-05,4호선,0434,남태령,"21,952","17,776","7,456","6,953",2020-06-03 11:49:03
2020-05,경부선,1001,서울역,"127,702","32,269","7,939","1,645",2020-06-03 11:49:03
2020-05,경부선,1002,남영,"207,319","217,045","30,136","31,931",2020-06-03 11:49:03
2020-05,경부선,1003,용산,"742,067","747,099","100,807","98,265",2020-06-03 11:49:03
2020-05,경부선,1004,노량진,"216,205","206,730","29,443","27,390",2020-06-03 11:49:03
2020-05,경부선,1005,대방,"270,219","273,796","53,585","53,772",2020-06-03 11:49:03
2020-05,경부선,1006,영등포,"867,045","905,453","192,731","192,231",2020-06-03 11:49:03
2020-05,경부선,1007,신도림,"80,309","79,883","21,278","22,655",2020-06-03 11:49:03
2020-05,경부선,1032,신길,"198,608","164,387","36,021","32,887",2020-06-03 11:49:03
2020-05,경부선,1701,구로,"371,207","379,609","75,426","72,648",2020-06-03 11:49:03
2020-05,경부선,1702,가산디지털단지,"375,576","444,039","27,986","31,756",2020-06-03 11:49:03
2020-05,경부선,1703,금천구청,"226,749","222,668","64,799","65,632",2020-06-03 11:49:03
2020-05,경부선,1704,석수,"217,134","191,164","40,682","39,568",2020-06-03 11:49:03
2020-05,경부선,1705,관악,"150,156","137,510","43,968","41,916",2020-06-03 11:49:03
2020-05,경부선,1706,안양,"476,975","473,641","92,955","96,539",2020-06-03 11:49:03
2020-05,경부선,1707,명학,"180,509","176,948","35,302","34,146",2020-06-03 11:49:03
2020-05,경부선,1708,금정,"557,445","570,679","91,643","93,195",2020-06-03 11:49:03
2020-05,경부선,1709,군포,"149,111","146,071","30,858","29,935",2020-06-03 11:49:03
2020-05,경부선,1710,의왕,"182,764","180,040","35,947","35,853",2020-06-03 11:49:03
2020-05,경부선,1711,성균관대,"300,451","298,525","42,866","43,313",2020-06-03 11:49:03
2020-05,경부선,1712,화서,"151,734","146,114","33,293","32,846",2020-06-03 11:49:03
2020-05,경부선,1713,수원,"853,341","907,002","113,601","119,259",2020-06-03 11:49:03
2020-05,경부선,1714,독산,"334,321","347,564","53,388","54,419",2020-06-03 11:49:03
2020-05,경부선,1715,세류,"68,623","63,791","13,228","13,179",2020-06-03 11:49:03
2020-05,경부선,1716,병점,"298,694","301,096","47,626","47,100",2020-06-03 11:49:03
2020-05,경부선,1717,세마,"51,288","46,357","12,249","11,202",2020-06-03 11:49:03
2020-05,경부선,1718,오산대,"65,169","58,471","12,780","12,112",2020-06-03 11:49:03
2020-05,경부선,1719,오산,"208,710","207,317","35,326","36,419",2020-06-03 11:49:03
2020-05,경부선,1720,진위,"30,491","26,580","6,465","6,117",2020-06-03 11:49:03
2020-05,경부선,1721,송탄,"93,054","87,965","18,121","17,580",2020-06-03 11:49:03
2020-05,경부선,1722,서정리,"137,795","137,335","22,208","21,763",2020-06-03 11:49:03
2020-05,경부선,1723,지제,"56,511","50,346","7,013","6,432",2020-06-03 11:49:03
2020-05,경부선,1724,평택,"265,855","265,721","51,497","50,655",2020-06-03 11:49:03
2020-05,경부선,1725,성환,"75,504","74,498","18,660","18,749",2020-06-03 11:49:03
2020-05,경부선,1726,직산,"15,972","16,223","4,047","3,992",2020-06-03 11:49:03
2020-05,경부선,1727,두정,"106,121","109,127","15,517","15,840",2020-06-03 11:49:03
2020-05,경부선,1728,천안,"107,889","109,121","40,672","41,006",2020-06-03 11:49:03
2020-05,경부선,1729,당정,"129,267","122,738","23,127","22,578",2020-06-03 11:49:03
2020-05,경부선,1749,서동탄,"32,364","28,239","7,638","7,461",2020-06-03 11:49:03
2020-05,경부선,1750,광명,"71,660","56,604","6,693","5,893",2020-06-03 11:49:03
2020-05,경인선,1801,개봉,"428,485","428,962","125,709","131,302",2020-06-03 11:49:03
2020-05,경인선,1802,오류동,"230,422","214,553","74,017","72,688",2020-06-03 11:49:03
2020-05,경인선,1803,역곡,"570,765","561,954","127,323","129,761",2020-06-03 11:49:03
2020-05,경인선,1804,부천,"717,960","726,686","165,875","167,770",2020-06-03 11:49:03
2020-05,경인선,1805,송내,"606,559","602,127","97,784","96,616",2020-06-03 11:49:03
2020-05,경인선,1806,부평,"690,595","752,294","113,128","115,263",2020-06-03 11:49:03
2020-05,경인선,1807,백운,"135,515","132,486","48,219","49,365",2020-06-03 11:49:03
2020-05,경인선,1808,동암,"329,321","329,825","78,961","79,158",2020-06-03 11:49:03
2020-05,경인선,1809,주안,"423,964","383,937","71,813","64,972",2020-06-03 11:49:03
2020-05,경인선,1810,제물포,"202,487","187,371","48,718","48,655",2020-06-03 11:49:03
2020-05,경인선,1811,동인천,"270,688","257,468","96,418","93,876",2020-06-03 11:49:03
2020-05,경인선,1812,인천,"61,380","46,219","30,669","28,742",2020-06-03 11:49:03
2020-05,경인선,1813,구일,"124,638","126,999","33,590","33,012",2020-06-03 11:49:03
2020-05,경인선,1814,소사,"198,972","186,605","56,166","55,017",2020-06-03 11:49:03
2020-05,경인선,1815,부개,"162,695","150,407","50,962","50,127",2020-06-03 11:49:03
2020-05,경인선,1816,간석,"110,871","104,592","36,035","34,353",2020-06-03 11:49:03
2020-05,경인선,1817,도원,"48,251","48,488","28,384","29,667",2020-06-03 11:49:03
2020-05,경인선,1821,온수(성공회대입구),"124,604","121,126","37,833","37,584",2020-06-03 11:49:03
2020-05,경인선,1822,중동,"176,705","163,946","54,406","54,029",2020-06-03 11:49:03
2020-05,경인선,1823,도화,"64,275","55,897","29,742","28,550",2020-06-03 11:49:03
2020-05,경원선,1008,이촌(국립중앙박물관),"76,501","56,055","21,877","18,512",2020-06-03 11:49:03
2020-05,경원선,1009,서빙고,"33,419","29,916","11,940","11,223",2020-06-03 11:49:03
2020-05,경원선,1010,한남,"79,692","75,312","23,633","21,975",2020-06-03 11:49:03
2020-05,경원선,1011,옥수,"1,264",784,98,91,2020-06-03 11:49:03
2020-05,경원선,1012,응봉,"33,573","28,081","13,979","12,815",2020-06-03 11:49:03
2020-05,경원선,1013,왕십리(성동구청),"310,967","357,942","48,067","52,745",2020-06-03 11:49:03
2020-05,경원선,1014,청량리(서울시립대입구),"268,986","289,784","123,453","129,168",2020-06-03 11:49:03
2020-05,경원선,1016,외대앞,"154,435","149,520","41,080","40,735",2020-06-03 11:49:03
2020-05,경원선,1017,신이문,"167,792","147,584","58,556","57,264",2020-06-03 11:49:03
2020-05,경원선,1018,석계,"173,574","196,929","54,934","58,799",2020-06-03 11:49:03
2020-05,경원선,1019,광운대,"166,425","156,433","45,490","44,694",2020-06-03 11:49:03
2020-05,경원선,1020,월계,"105,385","95,915","51,921","49,156",2020-06-03 11:49:03
2020-05,경원선,1021,녹천,"87,139","69,875","32,799","29,821",2020-06-03 11:49:03
2020-05,경원선,1022,창동,11,0,0,0,2020-06-03 11:49:03
2020-05,경원선,1901,방학,"157,740","152,262","93,431","92,713",2020-06-03 11:49:03
2020-05,경원선,1902,도봉,"96,354","88,506","60,721","60,109",2020-06-03 11:49:03
2020-05,경원선,1903,도봉산,"139,836","76,888","105,742","84,374",2020-06-03 11:49:03
2020-05,경원선,1904,망월사,"131,181","132,936","59,207","60,892",2020-06-03 11:49:03
2020-05,경원선,1905,회룡,"202,662","197,283","117,503","117,103",2020-06-03 11:49:03
2020-05,경원선,1906,의정부,"398,991","421,186","94,043","95,577",2020-06-03 11:49:03
2020-05,경원선,1907,가능,"121,800","114,776","48,982","48,251",2020-06-03 11:49:03
2020-05,경원선,1908,녹양,"89,598","84,404","30,443","29,309",2020-06-03 11:49:03
2020-05,경원선,1909,양주,"156,793","143,744","49,335","48,490",2020-06-03 11:49:03
2020-05,경원선,1910,덕계,"47,450","41,092","16,105","15,700",2020-06-03 11:49:03
2020-05,경원선,1911,덕정,"119,998","115,084","33,586","33,708",2020-06-03 11:49:03
2020-05,경원선,1912,지행,"132,801","130,956","36,703","36,305",2020-06-03 11:49:03
2020-05,경원선,1913,동두천중앙,"54,168","50,985","31,924","32,199",2020-06-03 11:49:03
2020-05,경원선,1914,보산,"30,774","27,578","11,842","11,389",2020-06-03 11:49:03
2020-05,경원선,1915,동두천,"32,938","38,039","19,247","27,177",2020-06-03 11:49:03
2020-05,경원선,1916,소요산,"38,479","28,516","66,153","56,260",2020-06-03 11:49:03
2020-05,안산선,1751,산본,"342,160","366,744","80,025","80,624",2020-06-03 11:49:03
2020-05,안산선,1752,대야미,"107,542","93,168","27,246","25,668",2020-06-03 11:49:03
2020-05,안산선,1753,반월,"90,630","84,289","25,511","25,130",2020-06-03 11:49:03
2020-05,안산선,1754,상록수,"397,841","386,700","66,083","66,782",2020-06-03 11:49:03
2020-05,안산선,1755,한대앞,"159,486","157,280","31,707","31,855",2020-06-03 11:49:03
2020-05,안산선,1756,중앙,"373,014","394,806","42,983","42,218",2020-06-03 11:49:03
2020-05,안산선,1757,고잔,"173,321","169,805","27,516","26,539",2020-06-03 11:49:03
2020-05,안산선,1758,초지,"91,825","90,302","12,177","12,342",2020-06-03 11:49:03
2020-05,안산선,1759,안산,"286,552","262,150","30,883","28,546",2020-06-03 11:49:03
2020-05,안산선,1760,신길온천,"32,928","29,745","8,513","8,247",2020-06-03 11:49:03
2020-05,안산선,1761,정왕,"165,765","175,032","19,045","20,439",2020-06-03 11:49:03
2020-05,안산선,1762,오이도,"202,270","196,883","33,041","32,808",2020-06-03 11:49:03
2020-05,안산선,1763,수리산,"79,977","62,991","27,696","26,614",2020-06-03 11:49:03
2020-05,과천선,1450,선바위,"183,858","159,294","27,404","26,917",2020-06-03 11:49:03
2020-05,과천선,1451,경마공원,"22,706","22,257","8,345","7,887",2020-06-03 11:49:03
2020-05,과천선,1452,대공원,"56,745","61,789","38,683","40,415",2020-06-03 11:49:03
2020-05,과천선,1453,과천,"96,709","85,827","26,912","25,788",2020-06-03 11:49:03
2020-05,과천선,1454,정부과천청사,"182,796","183,023","37,883","37,052",2020-06-03 11:49:03
2020-05,과천선,1455,인덕원,"499,894","504,587","82,399","84,714",2020-06-03 11:49:03
2020-05,과천선,1456,평촌,"361,999","357,229","50,790","51,118",2020-06-03 11:49:03
2020-05,과천선,1457,범계,"569,657","558,012","82,395","80,168",2020-06-03 11:49:03
2020-05,분당선,1023,선릉,"258,004","414,662","32,806","44,552",2020-06-03 11:49:03
2020-05,분당선,1024,한티,"282,679","296,490","50,629","51,362",2020-06-03 11:49:03
2020-05,분당선,1025,도곡,"120,054","121,068","31,199","30,525",2020-06-03 11:49:03
2020-05,분당선,1026,구룡,"24,311","23,954","10,174","9,989",2020-06-03 11:49:03
2020-05,분당선,1027,개포동,"63,741","67,318","17,477","17,947",2020-06-03 11:49:03
2020-05,분당선,1028,대모산입구,"61,581","55,935","22,583","22,374",2020-06-03 11:49:03
2020-05,분당선,1030,수서,"295,593","297,795","50,685","52,024",2020-06-03 11:49:03
2020-05,분당선,1031,복정,10,0,0,0,2020-06-03 11:49:03
2020-05,분당선,1846,수원,"177,701","121,630","21,048","12,925",2020-06-03 11:49:03
2020-05,분당선,1847,서울숲,"216,109","222,165","22,501","21,765",2020-06-03 11:49:03
2020-05,분당선,1848,압구정로데오,"381,632","443,842","34,275","33,448",2020-06-03 11:49:03
2020-05,분당선,1849,강남구청,"185,531","218,221","29,321","31,861",2020-06-03 11:49:03
2020-05,분당선,1850,선정릉,"159,045","172,299","21,748","21,139",2020-06-03 11:49:03
2020-05,분당선,1851,가천대,"166,147","184,957","21,054","22,362",2020-06-03 11:49:03
2020-05,분당선,1852,태평,"274,864","259,728","75,772","78,308",2020-06-03 11:49:03
2020-05,분당선,1853,모란,"394,389","393,225","137,894","153,035",2020-06-03 11:49:03
2020-05,분당선,1854,야탑,"517,542","550,362","116,763","116,557",2020-06-03 11:49:03
2020-05,분당선,1855,서현,"522,707","537,665","93,509","90,780",2020-06-03 11:49:03
2020-05,분당선,1856,수내,"251,096","251,143","56,965","55,154",2020-06-03 11:49:03
2020-05,분당선,1857,정자,"347,211","374,938","52,655","52,945",2020-06-03 11:49:03
2020-05,분당선,1858,미금,"300,616","318,813","83,275","88,817",2020-06-03 11:49:03
2020-05,분당선,1859,오리,"223,962","188,079","59,510","51,734",2020-06-03 11:49:03
2020-05,분당선,1860,이매,"103,705","97,570","32,021","30,948",2020-06-03 11:49:03
2020-05,분당선,1861,보정,"42,461","34,785","15,741","15,077",2020-06-03 11:49:03
2020-05,분당선,1862,죽전,"284,063","312,203","55,243","58,442",2020-06-03 11:49:03
2020-05,분당선,1863,구성,"90,639","93,114","27,425","27,767",2020-06-03 11:49:03
2020-05,분당선,1864,신갈,"85,423","82,987","20,815","21,063",2020-06-03 11:49:03
2020-05,분당선,1865,기흥,"199,639","187,219","32,198","32,064",2020-06-03 11:49:03
2020-05,분당선,1866,상갈,"107,413","102,591","24,166","23,199",2020-06-03 11:49:03
2020-05,분당선,1867,청명,"82,054","77,300","14,347","14,461",2020-06-03 11:49:03
2020-05,분당선,1868,영통,"174,935","180,023","21,948","22,298",2020-06-03 11:49:03
2020-05,분당선,1869,망포,"287,842","272,189","27,157","26,068",2020-06-03 11:49:03
2020-05,분당선,1870,매탄권선,"93,299","87,785","13,447","12,950",2020-06-03 11:49:03
2020-05,분당선,1871,수원시청,"248,362","279,424","28,959","29,425",2020-06-03 11:49:03
2020-05,분당선,1872,매교,"43,664","43,647","12,784","13,026",2020-06-03 11:49:03
2020-05,일산선,1948,원흥,"183,061","169,839","45,363","44,189",2020-06-03 11:49:03
2020-05,일산선,1950,삼송,"370,649","353,654","79,838","79,508",2020-06-03 11:49:03
2020-05,일산선,1951,원당,"219,331","204,987","72,182","71,357",2020-06-03 11:49:03
2020-05,일산선,1952,화정,"339,316","350,064","101,267","102,361",2020-06-03 11:49:03
2020-05,일산선,1953,대곡,"35,185","25,529","12,154","11,361",2020-06-03 11:49:03
2020-05,일산선,1954,백석,"198,752","199,929","62,464","61,263",2020-06-03 11:49:03
2020-05,일산선,1955,마두,"131,552","136,081","54,518","56,024",2020-06-03 11:49:03
2020-05,일산선,1956,정발산,"152,386","164,951","44,845","42,445",2020-06-03 11:49:03
2020-05,일산선,1957,주엽,"151,223","150,878","67,968","70,363",2020-06-03 11:49:03
2020-05,일산선,1958,대화,"267,059","206,969","68,259","63,219",2020-06-03 11:49:03
2020-05,중앙선,1015,회기,"494,391","478,404","105,188","103,624",2020-06-03 11:49:03
2020-05,중앙선,1201,중랑,"101,752","96,492","44,144","43,416",2020-06-03 11:49:03
2020-05,중앙선,1202,상봉(시외버스터미널),"125,115","120,777","35,457","33,412",2020-06-03 11:49:03
2020-05,중앙선,1203,망우,"138,412","133,221","58,731","59,716",2020-06-03 11:49:03
2020-05,중앙선,1204,양원,"25,500","26,253","13,328","13,434",2020-06-03 11:49:03
2020-05,중앙선,1205,구리,"274,459","281,568","71,782","72,578",2020-06-03 11:49:03
2020-05,중앙선,1206,도농,"192,128","172,018","50,368","48,992",2020-06-03 11:49:03
2020-05,중앙선,1207,양정,"14,902","12,797","8,314","7,661",2020-06-03 11:49:03
2020-05,중앙선,1208,덕소,"111,671","109,920","40,594","40,746",2020-06-03 11:49:03
2020-05,중앙선,1209,도심,"48,553","37,141","16,716","15,527",2020-06-03 11:49:03
2020-05,중앙선,1210,팔당,"25,139","26,279","8,686","8,805",2020-06-03 11:49:03
2020-05,중앙선,1211,운길산,"20,107","18,885","12,202","12,241",2020-06-03 11:49:03
2020-05,중앙선,1212,양수,"36,771","35,662","20,149","20,300",2020-06-03 11:49:03
2020-05,중앙선,1213,신원,"3,783","3,040","3,684","3,270",2020-06-03 11:49:03
2020-05,중앙선,1214,국수,"12,558","11,978","8,919","9,054",2020-06-03 11:49:03
2020-05,중앙선,1215,아신,"11,738","11,324","5,412","5,359",2020-06-03 11:49:03
2020-05,중앙선,1216,오빈,"4,854","4,650","3,595","3,600",2020-06-03 11:49:03
2020-05,중앙선,1217,양평,"50,714","50,233","27,718","28,045",2020-06-03 11:49:03
2020-05,중앙선,1218,원덕,"5,585","5,136","5,728","5,540",2020-06-03 11:49:03
2020-05,중앙선,1219,용문,"29,382","29,956","34,821","34,823",2020-06-03 11:49:03
2020-05,중앙선,1220,지평,748,537,915,913,2020-06-03 11:49:03
2020-05,장항선,1401,봉명,"19,469","18,518","8,827","8,643",2020-06-03 11:49:03
2020-05,장항선,1402,쌍용(나사렛대),"40,394","37,128","9,985","9,358",2020-06-03 11:49:03
2020-05,장항선,1403,아산,"60,741","53,950","8,660","8,131",2020-06-03 11:49:03
2020-05,장항선,1405,배방,"20,432","19,756","5,741","5,807",2020-06-03 11:49:03
2020-05,장항선,1407,온양온천,"63,564","64,181","36,526","37,174",2020-06-03 11:49:03
2020-05,장항선,1408,신창(순천향대),"31,732","30,552","5,929","5,548",2020-06-03 11:49:03
2020-05,경의선,1251,서울역,"78,715","97,855","11,838","14,946",2020-06-03 11:49:03
2020-05,경의선,1252,신촌,"14,668","19,510","3,703","3,929",2020-06-03 11:49:03
2020-05,경의선,1261,효창공원앞,"54,809","62,574","12,220","13,343",2020-06-03 11:49:03
2020-05,경의선,1262,공덕,"70,028","62,302","10,872","10,800",2020-06-03 11:49:03
2020-05,경의선,1263,서강대,"42,167","41,166","8,870","8,336",2020-06-03 11:49:03
2020-05,경의선,1264,홍대입구,"38,661","43,481","4,105","4,569",2020-06-03 11:49:03
2020-05,경의선,1265,가좌,"93,566","84,860","38,425","37,824",2020-06-03 11:49:03
2020-05,경의선,1266,디지털미디어시티,"48,853","46,385","9,012","8,923",2020-06-03 11:49:03
2020-05,경의선,1267,수색,"42,996","45,036","11,420","11,349",2020-06-03 11:49:03
2020-05,경의선,1268,화전,"32,751","29,590","9,013","8,843",2020-06-03 11:49:03
2020-05,경의선,1269,강매,"57,613","48,077","14,871","14,198",2020-06-03 11:49:03
2020-05,경의선,1270,행신,"160,842","157,869","27,912","28,414",2020-06-03 11:49:03
2020-05,경의선,1271,능곡,"69,300","62,497","27,529","27,429",2020-06-03 11:49:03
2020-05,경의선,1272,곡산,"9,727","10,411","4,644","4,580",2020-06-03 11:49:03
2020-05,경의선,1273,백마,"136,810","127,310","27,111","26,860",2020-06-03 11:49:03
2020-05,경의선,1274,풍산,"107,111","99,849","26,972","26,537",2020-06-03 11:49:03
2020-05,경의선,1275,일산,"175,011","171,464","51,318","51,544",2020-06-03 11:49:03
2020-05,경의선,1276,탄현,"155,842","149,410","31,362","30,648",2020-06-03 11:49:03
2020-05,경의선,1277,야당,"121,882","117,163","26,209","25,782",2020-06-03 11:49:03
2020-05,경의선,1278,운정,"117,473","108,724","29,104","28,928",2020-06-03 11:49:03
2020-05,경의선,1279,금릉,"92,708","91,698","21,818","21,644",2020-06-03 11:49:03
2020-05,경의선,1280,금촌,"132,115","128,742","39,654","40,552",2020-06-03 11:49:03
2020-05,경의선,1282,월롱,"46,773","43,440","7,528","8,284",2020-06-03 11:49:03
2020-05,경의선,1283,파주,"30,164","23,244","7,742","6,694",2020-06-03 11:49:03
2020-05,경의선,1284,문산,"106,683","104,124","38,588","38,246",2020-06-03 11:49:03
2020-05,경의선,1285,임진강,600,475,526,541,2020-06-03 11:49:03
2020-05,경의선,1291,서울역,1,0,0,0,2020-06-03 11:49:03
2020-05,경의선,1296,계양,4,0,0,0,2020-06-03 11:49:03
2020-05,경의선,1297,검암,4,0,0,0,2020-06-03 11:49:03
2020-05,경춘선,1311,신내,"23,141","23,381","11,573","11,705",2020-06-03 11:49:03
2020-05,경춘선,1312,갈매,"54,815","46,918","16,423","15,520",2020-06-03 11:49:03
2020-05,경춘선,1313,별내,"49,229","48,109","16,591","16,012",2020-06-03 11:49:03
2020-05,경춘선,1314,퇴계원,"68,646","62,006","23,402","22,291",2020-06-03 11:49:03
2020-05,경춘선,1315,사릉,"67,750","63,775","18,154","18,099",2020-06-03 11:49:03
2020-05,경춘선,1316,금곡,"25,166","23,641","13,339","12,944",2020-06-03 11:49:03
2020-05,경춘선,1317,평내호평,"110,415","109,115","35,592","34,437",2020-06-03 11:49:03
2020-05,경춘선,1318,천마산,"25,901","23,426","15,642","16,115",2020-06-03 11:49:03
2020-05,경춘선,1319,마석,"67,731","66,376","30,883","30,942",2020-06-03 11:49:03
2020-05,경춘선,1320,대성리,"11,140","10,293","6,754","6,196",2020-06-03 11:49:03
2020-05,경춘선,1321,청평,"32,210","31,402","16,515","16,740",2020-06-03 11:49:03
2020-05,경춘선,1322,상천,"5,715","4,893","5,536","5,401",2020-06-03 11:49:03
2020-05,경춘선,1323,가평,"35,876","35,813","14,690","14,585",2020-06-03 11:49:03
2020-05,경춘선,1324,굴봉산,"2,836","2,803","3,358","3,391",2020-06-03 11:49:03
2020-05,경춘선,1325,백양리,"1,908","1,690","1,740","1,805",2020-06-03 11:49:03
2020-05,경춘선,1326,강촌,"10,398","9,229","5,675","5,604",2020-06-03 11:49:03
2020-05,경춘선,1327,김유정,"6,763","7,749","3,681","3,817",2020-06-03 11:49:03
2020-05,경춘선,1328,남춘천,"46,807","48,527","20,014","21,034",2020-06-03 11:49:03
2020-05,경춘선,1329,춘천,"28,144","24,965","15,038","12,751",2020-06-03 11:49:03
2020-05,수인선,1878,달월,"1,203",924,796,589,2020-06-03 11:49:03
2020-05,수인선,1879,월곶,"46,529","43,655","10,919","10,921",2020-06-03 11:49:03
2020-05,수인선,1880,소래포구,"85,066","81,288","57,813","56,995",2020-06-03 11:49:03
2020-05,수인선,1881,인천논현,"108,658","114,480","25,050","25,343",2020-06-03 11:49:03
2020-05,수인선,1882,호구포,"66,705","67,001","15,216","14,868",2020-06-03 11:49:03
2020-05,수인선,1883,남동인더스파크,"42,212","46,009","5,324","5,372",2020-06-03 11:49:03
2020-05,수인선,1884,원인재,"81,070","83,986","24,142","24,202",2020-06-03 11:49:03
2020-05,수인선,1885,연수,"85,683","86,889","23,833","23,726",2020-06-03 11:49:03
2020-05,수인선,1886,송도,"43,437","40,273","17,960","17,792",2020-06-03 11:49:03
2020-05,수인선,1888,인하대,"96,193","90,583","20,048","19,195",2020-06-03 11:49:03
2020-05,수인선,1889,숭의,"65,100","58,885","21,876","21,288",2020-06-03 11:49:03
2020-05,수인선,1890,신포,"30,617","31,978","10,498","10,925",2020-06-03 11:49:03
2020-05,수인선,1891,인천,"14,292","27,376","10,243","12,221",2020-06-03 11:49:03
2020-05,경강선,1501,판교,"92,374","90,297","9,887","8,432",2020-06-03 11:49:03
2020-05,경강선,1502,이매,"22,124","17,210","5,686","4,995",2020-06-03 11:49:03
2020-05,경강선,1503,삼동,"44,957","40,147","8,854","8,668",2020-06-03 11:49:03
2020-05,경강선,1504,경기광주,"148,996","140,635","22,367","22,750",2020-06-03 11:49:03
2020-05,경강선,1505,초월,"57,765","54,831","10,246","10,428",2020-06-03 11:49:03
2020-05,경강선,1506,곤지암,"41,024","41,740","9,853","10,227",2020-06-03 11:49:03
2020-05,경강선,1507,신둔도예촌,"23,208","21,548","5,472","5,274",2020-06-03 11:49:03
2020-05,경강선,1508,이천,"54,671","58,238","10,698","11,640",2020-06-03 11:49:03
2020-05,경강선,1509,부발,"40,275","39,981","5,696","5,605",2020-06-03 11:49:03
2020-05,경강선,1510,세종대왕릉,"5,184","5,132","2,973","2,965",2020-06-03 11:49:03
2020-05,경강선,1511,여주,"41,421","42,428","12,489","12,153",2020-06-03 11:49:03
2020-05,5호선,2511,방화,"128,871","122,176","41,652","39,667",2020-06-03 11:49:03
2020-05,5호선,2512,개화산,"100,755","95,480","29,699","29,929",2020-06-03 11:49:03
2020-05,5호선,2513,김포공항,"141,380","131,502","23,149","25,406",2020-06-03 11:49:03
2020-05,5호선,2514,송정,"135,970","126,196","42,689","41,847",2020-06-03 11:49:03
2020-05,5호선,2515,마곡,"170,436","161,032","28,947","28,179",2020-06-03 11:49:03
2020-05,5호선,2516,발산,"395,966","416,699","70,118","67,480",2020-06-03 11:49:03
2020-05,5호선,2517,우장산,"278,373","272,166","70,117","73,532",2020-06-03 11:49:03
2020-05,5호선,2518,화곡,"603,181","557,137","121,369","115,771",2020-06-03 11:49:03
2020-05,5호선,2519,까치산,"619,162","580,605","132,046","132,831",2020-06-03 11:49:03
2020-05,5호선,2520,신정(은행정),"289,023","218,336","49,407","47,329",2020-06-03 11:49:03
2020-05,5호선,2521,목동,"359,559","392,914","70,745","71,801",2020-06-03 11:49:03
2020-05,5호선,2522,오목교(목동운동장앞),"489,471","533,069","68,530","68,096",2020-06-03 11:49:03
2020-05,5호선,2523,양평,"147,686","145,031","23,891","23,760",2020-06-03 11:49:03
2020-05,5호선,2524,영등포구청,"76,573","76,115","17,002","16,516",2020-06-03 11:49:03
2020-05,5호선,2525,영등포시장,"170,890","177,586","51,831","53,022",2020-06-03 11:49:03
2020-05,5호선,2526,신길,"79,303","86,605","9,649","10,226",2020-06-03 11:49:03
2020-05,5호선,2527,여의도,"530,125","568,384","40,705","38,239",2020-06-03 11:49:03
2020-05,5호선,2528,여의나루,"257,613","266,305","23,117","21,738",2020-06-03 11:49:03
2020-05,5호선,2529,마포,"282,143","293,752","49,913","49,153",2020-06-03 11:49:03
2020-05,5호선,2530,공덕,"292,087","320,874","36,354","34,316",2020-06-03 11:49:03
2020-05,5호선,2531,애오개,"137,997","138,984","30,369","29,422",2020-06-03 11:49:03
2020-05,5호선,2532,충정로(경기대입구),"102,997","103,041","12,543","12,847",2020-06-03 11:49:03
2020-05,5호선,2533,서대문,"345,598","356,381","52,058","49,102",2020-06-03 11:49:03
2020-05,5호선,2534,광화문(세종문화회관),"661,603","697,401","55,172","53,443",2020-06-03 11:49:03
2020-05,5호선,2535,종로3가,"234,113","230,483","78,021","84,621",2020-06-03 11:49:03
2020-05,5호선,2536,을지로4가,"101,551","106,883","39,812","40,060",2020-06-03 11:49:03
2020-05,5호선,2537,동대문역사문화공원(DDP),"55,225","64,506","7,479","8,214",2020-06-03 11:49:03
2020-05,5호선,2538,청구,"77,671","71,339","23,321","17,384",2020-06-03 11:49:03
2020-05,5호선,2539,신금호,"122,433","121,116","30,935","34,501",2020-06-03 11:49:03
2020-05,5호선,2540,행당,"163,828","143,821","40,689","36,521",2020-06-03 11:49:03
2020-05,5호선,2541,왕십리(성동구청),"93,050","109,129","19,415","18,600",2020-06-03 11:49:03
2020-05,5호선,2542,마장,"107,992","100,854","32,602","32,119",2020-06-03 11:49:03
2020-05,5호선,2543,답십리,"328,980","298,199","66,678","64,743",2020-06-03 11:49:03
2020-05,5호선,2544,장한평,"364,405","361,254","71,143","71,859",2020-06-03 11:49:03
2020-05,5호선,2545,군자(능동),"243,935","272,788","32,751","33,922",2020-06-03 11:49:03
2020-05,5호선,2546,아차산(어린이대공원후문),"296,922","293,118","85,391","84,160",2020-06-03 11:49:03
2020-05,5호선,2547,광나루(장신대),"277,825","250,425","55,799","54,244",2020-06-03 11:49:03
2020-05,5호선,2548,천호(풍납토성),"380,320","393,758","102,815","109,344",2020-06-03 11:49:03
2020-05,5호선,2549,강동,"446,378","380,030","87,235","80,357",2020-06-03 11:49:03
2020-05,5호선,2550,길동,"140,656","145,662","52,693","54,339",2020-06-03 11:49:03
2020-05,5호선,2551,굽은다리(강동구민회관앞),"175,447","163,956","51,410","47,676",2020-06-03 11:49:03
2020-05,5호선,2552,명일,"156,740","159,746","48,504","50,543",2020-06-03 11:49:03
2020-05,5호선,2553,고덕,"164,142","166,612","42,906","42,964",2020-06-03 11:49:03
2020-05,5호선,2554,상일동,"377,277","318,791","79,412","75,517",2020-06-03 11:49:03
2020-05,5호선,2555,둔촌동,"159,140","158,252","49,034","50,342",2020-06-03 11:49:03
2020-05,5호선,2556,올림픽공원(한국체대),"75,628","64,862","26,015","23,586",2020-06-03 11:49:03
2020-05,5호선,2557,방이,"138,866","142,572","35,822","35,192",2020-06-03 11:49:03
2020-05,5호선,2558,오금,"74,830","72,342","16,521","15,900",2020-06-03 11:49:03
2020-05,5호선,2559,개롱,"121,930","126,544","35,439","36,353",2020-06-03 11:49:03
2020-05,5호선,2560,거여,"144,155","133,556","44,954","43,874",2020-06-03 11:49:03
2020-05,5호선,2561,마천,"93,358","93,592","42,055","44,000",2020-06-03 11:49:03
2020-05,6호선,2611,응암,"343,823","337,609","96,802","95,338",2020-06-03 11:49:03
2020-05,6호선,2612,역촌,"66,967","83,126","27,849","27,224",2020-06-03 11:49:03
2020-05,6호선,2613,불광,"85,762","92,151","35,274","29,901",2020-06-03 11:49:03
2020-05,6호선,2614,독바위,"54,502","55,563","16,353","20,528",2020-06-03 11:49:03
2020-05,6호선,2615,연신내,12,0,6,0,2020-06-03 11:49:03
2020-05,6호선,2616,구산,"143,845","94,669","41,050","42,484",2020-06-03 11:49:03
2020-05,6호선,2617,새절(신사),"253,487","233,373","72,503","72,846",2020-06-03 11:49:03
2020-05,6호선,2618,증산(명지대앞),"198,868","190,793","61,254","61,660",2020-06-03 11:49:03
2020-05,6호선,2619,디지털미디어시티,"272,911","293,455","43,661","44,439",2020-06-03 11:49:03
2020-05,6호선,2620,월드컵경기장(성산),"80,085","87,581","52,591","51,625",2020-06-03 11:49:03
2020-05,6호선,2621,마포구청,"284,622","248,207","61,484","55,321",2020-06-03 11:49:03
2020-05,6호선,2622,망원,"296,505","332,490","70,588","73,736",2020-06-03 11:49:03
2020-05,6호선,2623,합정,"297,598","293,888","30,762","29,032",2020-06-03 11:49:03
2020-05,6호선,2624,상수,"180,706","211,867","17,478","17,931",2020-06-03 11:49:03
2020-05,6호선,2625,광흥창(서강),"176,633","169,390","36,910","36,445",2020-06-03 11:49:03
2020-05,6호선,2626,대흥(서강대앞),"155,494","161,887","35,339","35,570",2020-06-03 11:49:03
2020-05,6호선,2627,공덕,"369,570","365,140","61,106","57,621",2020-06-03 11:49:03
2020-05,6호선,2628,효창공원앞,"140,298","122,482","31,951","29,555",2020-06-03 11:49:03
2020-05,6호선,2629,삼각지,"123,161","105,368","12,677","9,990",2020-06-03 11:49:03
2020-05,6호선,2630,녹사평(용산구청),"95,749","95,468","15,038","14,210",2020-06-03 11:49:03
2020-05,6호선,2631,이태원,"187,546","197,051","24,113","24,800",2020-06-03 11:49:03
2020-05,6호선,2632,한강진,"154,970","186,142","12,718","12,623",2020-06-03 11:49:03
2020-05,6호선,2633,버티고개,"42,401","38,865","11,793","13,815",2020-06-03 11:49:03
2020-05,6호선,2634,약수,"68,687","71,792","19,031","18,291",2020-06-03 11:49:03
2020-05,6호선,2635,청구,"76,344","81,253","17,197","21,351",2020-06-03 11:49:03
2020-05,6호선,2636,신당,"162,223","173,883","28,140","26,650",2020-06-03 11:49:03
2020-05,6호선,2637,동묘앞,"156,408","160,933","60,538","54,139",2020-06-03 11:49:03
2020-05,6호선,2638,창신,"69,312","53,619","15,426","14,663",2020-06-03 11:49:03
2020-05,6호선,2639,보문,"158,372","144,176","25,328","24,472",2020-06-03 11:49:03
2020-05,6호선,2640,안암(고대병원앞),"225,341","230,353","28,463","27,509",2020-06-03 11:49:03
2020-05,6호선,2641,고려대(종암),"165,622","157,029","27,676","28,113",2020-06-03 11:49:03
2020-05,6호선,2642,월곡(동덕여대),"222,985","214,705","62,679","62,144",2020-06-03 11:49:03
2020-05,6호선,2643,상월곡(한국과학기술연구원),"121,275","103,945","34,093","32,827",2020-06-03 11:49:03
2020-05,6호선,2644,돌곶이,"178,955","165,507","51,443","51,240",2020-06-03 11:49:03
2020-05,6호선,2645,석계,"254,646","257,799","64,416","64,760",2020-06-03 11:49:03
2020-05,6호선,2646,태릉입구,"112,730","128,095","26,004","28,522",2020-06-03 11:49:03
2020-05,6호선,2647,화랑대(서울여대입구),"242,207","184,154","37,489","33,178",2020-06-03 11:49:03
2020-05,6호선,2648,봉화산(서울의료원),"184,129","165,163","40,676","39,174",2020-06-03 11:49:03
2020-05,6호선,2649,신내,6,0,0,0,2020-06-03 11:49:03
2020-05,7호선,2711,장암,"53,396","21,739","9,311","6,725",2020-06-03 11:49:03
2020-05,7호선,2712,도봉산,"197,808","230,294","41,700","61,644",2020-06-03 11:49:03
2020-05,7호선,2713,수락산,"258,680","254,149","78,973","79,922",2020-06-03 11:49:03
2020-05,7호선,2714,마들,"231,028","212,516","66,366","66,418",2020-06-03 11:49:03
2020-05,7호선,2715,노원,"412,009","446,438","96,091","96,488",2020-06-03 11:49:03
2020-05,7호선,2716,중계,"284,867","249,714","72,109","68,778",2020-06-03 11:49:03
2020-05,7호선,2717,하계,"362,838","338,818","85,237","82,094",2020-06-03 11:49:03
2020-05,7호선,2718,공릉(서울과학기술대),"241,504","242,299","57,854","58,295",2020-06-03 11:49:03
2020-05,7호선,2719,태릉입구,"181,578","169,728","37,799","35,252",2020-06-03 11:49:03
2020-05,7호선,2720,먹골,"213,567","203,673","52,944","53,285",2020-06-03 11:49:03
2020-05,7호선,2721,중화,"230,826","220,887","54,993","54,646",2020-06-03 11:49:03
2020-05,7호선,2722,상봉(시외버스터미널),"379,677","357,982","60,499","58,166",2020-06-03 11:49:03
2020-05,7호선,2723,면목,"316,407","300,999","80,748","82,843",2020-06-03 11:49:03
2020-05,7호선,2724,사가정,"326,751","324,060","84,574","83,992",2020-06-03 11:49:03
2020-05,7호선,2725,용마산(용마폭포공원),"124,568","117,023","30,583","33,510",2020-06-03 11:49:03
2020-05,7호선,2726,중곡,"197,742","179,604","48,194","48,743",2020-06-03 11:49:03
2020-05,7호선,2727,군자(능동),"305,984","234,928","62,154","53,732",2020-06-03 11:49:03
2020-05,7호선,2728,어린이대공원(세종대),"264,125","261,715","31,915","31,411",2020-06-03 11:49:03
2020-05,7호선,2729,건대입구,"279,515","303,454","41,154","37,252",2020-06-03 11:49:03
2020-05,7호선,2730,뚝섬유원지,"233,394","230,560","35,489","35,986",2020-06-03 11:49:03
2020-05,7호선,2731,청담,"409,612","463,881","58,444","55,868",2020-06-03 11:49:03
2020-05,7호선,2732,강남구청,"338,096","382,995","37,387","37,691",2020-06-03 11:49:03
2020-05,7호선,2733,학동,"483,223","526,196","47,903","45,161",2020-06-03 11:49:03
2020-05,7호선,2734,논현,"437,454","484,302","43,161","42,406",2020-06-03 11:49:03
2020-05,7호선,2735,반포,"128,216","123,624","27,925","26,199",2020-06-03 11:49:03
2020-05,7호선,2736,고속터미널,"368,935","299,151","57,086","48,740",2020-06-03 11:49:03
2020-05,7호선,2737,내방,"287,448","298,019","52,784","51,483",2020-06-03 11:49:03
2020-05,7호선,2738,이수,"340,124","334,462","60,989","58,582",2020-06-03 11:49:03
2020-05,7호선,2739,남성,"229,207","209,404","56,432","55,446",2020-06-03 11:49:03
2020-05,7호선,2740,숭실대입구(살피재),"254,055","252,917","46,651","48,337",2020-06-03 11:49:03
2020-05,7호선,2741,상도,"214,112","203,616","44,248","42,227",2020-06-03 11:49:03
2020-05,7호선,2742,장승배기,"199,465","189,708","57,389","57,965",2020-06-03 11:49:03
2020-05,7호선,2743,신대방삼거리,"341,303","320,048","70,116","70,950",2020-06-03 11:49:03
2020-05,7호선,2744,보라매,"205,212","204,417","42,286","41,926",2020-06-03 11:49:03
2020-05,7호선,2745,신풍,"225,828","211,392","52,214","52,824",2020-06-03 11:49:03
2020-05,7호선,2746,대림(구로구청),"186,649","185,518","27,480","26,345",2020-06-03 11:49:03
2020-05,7호선,2747,남구로,"334,538","353,354","48,723","48,873",2020-06-03 11:49:03
2020-05,7호선,2748,가산디지털단지,"946,894","947,633","73,862","69,312",2020-06-03 11:49:03
2020-05,7호선,2749,철산,"476,110","491,257","80,568","81,481",2020-06-03 11:49:03
2020-05,7호선,2750,광명사거리,"483,112","469,961","125,708","128,495",2020-06-03 11:49:03
2020-05,7호선,2751,천왕,"205,086","188,638","43,294","43,160",2020-06-03 11:49:03
2020-05,7호선,2752,온수(성공회대입구),"218,437","205,632","32,138","30,569",2020-06-03 11:49:03
2020-05,7호선,2753,까치울,"163,838","158,245","24,484","24,887",2020-06-03 11:49:03
2020-05,7호선,2754,부천종합운동장,"94,697","80,093","15,505","15,330",2020-06-03 11:49:03
2020-05,7호선,2755,춘의,"191,226","185,568","25,683","24,794",2020-06-03 11:49:03
2020-05,7호선,2756,신중동,"304,299","306,251","43,466","41,687",2020-06-03 11:49:03
2020-05,7호선,2757,부천시청,"251,305","245,335","41,183","39,482",2020-06-03 11:49:03
2020-05,7호선,2758,상동,"278,450","285,484","38,747","38,457",2020-06-03 11:49:03
2020-05,7호선,2759,삼산체육관,"95,322","83,548","18,821","18,123",2020-06-03 11:49:03
2020-05,7호선,2760,굴포천,"188,158","196,085","27,296","28,060",2020-06-03 11:49:03
2020-05,7호선,2761,부평구청,"253,810","204,228","24,388","21,367",2020-06-03 11:49:03
2020-05,8호선,2811,암사,"382,564","329,951","84,498","83,382",2020-06-03 11:49:03
2020-05,8호선,2812,천호(풍납토성),"350,895","421,992","70,137","67,509",2020-06-03 11:49:03
2020-05,8호선,2813,강동구청,"199,541","209,610","51,640","52,550",2020-06-03 11:49:03
2020-05,8호선,2814,몽촌토성(평화의문),"109,730","118,324","27,193","26,552",2020-06-03 11:49:03
2020-05,8호선,2815,잠실(송파구청),"298,430","350,697","52,160","49,923",2020-06-03 11:49:03
2020-05,8호선,2816,석촌,"150,729","179,310","39,364","42,081",2020-06-03 11:49:03
2020-05,8호선,2817,송파,"172,270","162,681","46,059","45,015",2020-06-03 11:49:03
2020-05,8호선,2818,가락시장,"143,829","167,906","51,293","52,917",2020-06-03 11:49:03
2020-05,8호선,2819,문정,"421,237","442,668","46,451","46,401",2020-06-03 11:49:03
2020-05,8호선,2820,장지,"371,429","356,999","60,543","57,283",2020-06-03 11:49:03
2020-05,8호선,2821,복정,"219,394","188,867","36,618","34,255",2020-06-03 11:49:03
2020-05,8호선,2822,산성,"112,708","107,044","28,794","31,575",2020-06-03 11:49:03
2020-05,8호선,2823,남한산성입구(성남법원.검찰청),"273,172","241,353","65,193","62,213",2020-06-03 11:49:03
2020-05,8호선,2824,단대오거리,"202,677","191,852","56,869","54,756",2020-06-03 11:49:03
2020-05,8호선,2825,신흥,"83,941","90,735","34,052","35,718",2020-06-03 11:49:03
2020-05,8호선,2826,수진,"93,413","81,630","34,214","32,956",2020-06-03 11:49:03
2020-05,8호선,2827,모란,"72,605","58,294","46,224","33,709",2020-06-03 11:49:03
2020-05,9호선,4101,개화,"49,170","35,839","12,303","10,303",2020-06-03 11:49:03
2020-05,9호선,4102,김포공항,"170,194","219,615","14,069","15,548",2020-06-03 11:49:03
2020-05,9호선,4103,공항시장,"52,837","57,604","20,191","21,975",2020-06-03 11:49:03
2020-05,9호선,4104,신방화,"129,493","124,184","36,448","35,986",2020-06-03 11:49:03
2020-05,9호선,4105,마곡나루(서울식물원),"223,761","225,201","20,942","20,519",2020-06-03 11:49:03
2020-05,9호선,4106,양천향교,"180,630","185,405","35,588","35,597",2020-06-03 11:49:03
2020-05,9호선,4107,가양,"397,945","383,612","104,029","101,339",2020-06-03 11:49:03
2020-05,9호선,4108,증미,"129,977","128,729","32,732","33,227",2020-06-03 11:49:03
2020-05,9호선,4109,등촌,"188,626","185,850","63,984","64,360",2020-06-03 11:49:03
2020-05,9호선,4110,염창,"360,163","347,525","55,635","55,510",2020-06-03 11:49:03
2020-05,9호선,4111,신목동,"77,498","68,167","16,080","15,124",2020-06-03 11:49:03
2020-05,9호선,4112,선유도,"154,743","150,499","22,395","21,896",2020-06-03 11:49:03
2020-05,9호선,4113,당산,"388,836","385,675","51,364","47,103",2020-06-03 11:49:03
2020-05,9호선,4114,국회의사당,"311,638","315,988","38,453","33,344",2020-06-03 11:49:03
2020-05,9호선,4115,여의도,"486,924","473,755","32,956","30,610",2020-06-03 11:49:03
2020-05,9호선,4116,샛강,"103,862","109,180","20,801","20,430",2020-06-03 11:49:03
2020-05,9호선,4117,노량진,"607,634","613,709","79,133","80,515",2020-06-03 11:49:03
2020-05,9호선,4118,노들,"84,673","70,910","25,275","23,469",2020-06-03 11:49:03
2020-05,9호선,4119,흑석(중앙대입구),"147,915","155,936","42,382","43,129",2020-06-03 11:49:03
2020-05,9호선,4120,동작(현충원),"37,306","30,086","11,764","10,404",2020-06-03 11:49:03
2020-05,9호선,4121,구반포,"51,280","55,350","16,883","17,132",2020-06-03 11:49:03
2020-05,9호선,4122,신반포,"53,774","54,537","13,930","14,010",2020-06-03 11:49:03
2020-05,9호선,4123,고속터미널,"275,512","370,753","41,669","47,604",2020-06-03 11:49:03
2020-05,9호선,4124,사평,"56,934","54,538","13,081","13,142",2020-06-03 11:49:03
2020-05,9호선,4125,신논현,"716,430","733,811","46,978","44,730",2020-06-03 11:49:03
2020-05,공항철도 1호선,4201,서울역,"159,208","146,910","25,671","23,242",2020-06-03 11:49:03
2020-05,공항철도 1호선,4202,공덕,"44,685","59,986","5,370","6,401",2020-06-03 11:49:03
2020-05,공항철도 1호선,4203,홍대입구,"198,344","202,233","13,052","12,294",2020-06-03 11:49:03
2020-05,공항철도 1호선,4204,디지털미디어시티,"267,728","245,446","17,718","16,593",2020-06-03 11:49:03
2020-05,공항철도 1호선,4206,마곡나루(서울식물원),"154,095","143,153","8,557","8,551",2020-06-03 11:49:03
2020-05,공항철도 1호선,4207,김포공항,"208,813","122,932","15,183","10,206",2020-06-03 11:49:03
2020-05,공항철도 1호선,4208,계양,"207,058","188,611","21,076","19,549",2020-06-03 11:49:03
2020-05,공항철도 1호선,4209,검암,"164,043","160,701","15,265","15,342",2020-06-03 11:49:03
2020-05,공항철도 1호선,4210,청라국제도시,"136,124","128,405","8,596","8,547",2020-06-03 11:49:03
2020-05,공항철도 1호선,4211,운서,"138,776","141,130","20,157","20,038",2020-06-03 11:49:03
2020-05,공항철도 1호선,4212,공항화물청사,"49,075","54,760","7,599","7,597",2020-06-03 11:49:03
2020-05,공항철도 1호선,4213,인천공항1터미널,"82,940","80,974","11,620","11,871",2020-06-03 11:49:03
2020-05,공항철도 1호선,4215,인천공항2터미널,"43,708","38,658","4,467","4,052",2020-06-03 11:49:03
2020-05,공항철도 1호선,4217,영종,"57,928","58,675","15,019","15,186",2020-06-03 11:49:03
2020-05,9호선2~3단계,4126,언주,"195,575","196,066","19,771","19,328",2020-06-03 11:49:03
2020-05,9호선2~3단계,4127,선정릉,"192,700","208,631","17,951","18,667",2020-06-03 11:49:03
2020-05,9호선2~3단계,4128,삼성중앙,"129,467","133,405","16,690","16,521",2020-06-03 11:49:03
2020-05,9호선2~3단계,4129,봉은사,"328,970","332,583","33,174","31,670",2020-06-03 11:49:03
2020-05,9호선2~3단계,4130,종합운동장,"89,411","85,973","13,290","11,969",2020-06-03 11:49:03
2020-05,9호선2~3단계,4131,삼전,"128,464","125,105","26,630","26,162",2020-06-03 11:49:03
2020-05,9호선2~3단계,4132,석촌고분,"109,073","106,610","23,796","23,939",2020-06-03 11:49:03
2020-05,9호선2~3단계,4133,석촌,"160,784","138,022","24,021","20,751",2020-06-03 11:49:03
2020-05,9호선2~3단계,4134,송파나루,"84,456","92,102","19,270","19,787",2020-06-03 11:49:03
2020-05,9호선2~3단계,4135,한성백제,"46,532","41,238","11,377","9,893",2020-06-03 11:49:03
2020-05,9호선2~3단계,4136,올림픽공원(한국체대),"114,766","113,250","16,488","16,681",2020-06-03 11:49:03
2020-05,9호선2~3단계,4137,둔촌오륜,"17,014","15,789","4,401","4,382",2020-06-03 11:49:03
2020-05,9호선2~3단계,4138,중앙보훈병원,"161,818","141,700","57,591","56,719",2020-06-03 11:49:03
2020-05,우이신설선,4701,북한산우이,"48,609","44,646","31,516","33,091",2020-06-03 11:49:03
2020-05,우이신설선,4702,솔밭공원,"35,242","31,566","23,761","24,686",2020-06-03 11:49:03
2020-05,우이신설선,4703,4.19민주묘지,"42,705","41,923","30,811","28,112",2020-06-03 11:49:03
2020-05,우이신설선,4704,가오리,"62,158","57,627","36,997","38,053",2020-06-03 11:49:03
2020-05,우이신설선,4705,화계,"49,123","42,817","32,538","32,554",2020-06-03 11:49:03
2020-05,우이신설선,4706,삼양,"28,077","28,847","26,362","28,691",2020-06-03 11:49:03
2020-05,우이신설선,4707,삼양사거리,"31,474","31,472","30,236","30,809",2020-06-03 11:49:03
2020-05,우이신설선,4708,솔샘,"105,884","94,224","30,065","30,951",2020-06-03 11:49:03
2020-05,우이신설선,4709,북한산보국문,"109,563","100,476","35,646","36,207",2020-06-03 11:49:03
2020-05,우이신설선,4710,정릉,"72,409","64,992","38,908","36,490",2020-06-03 11:49:03
2020-05,우이신설선,4711,성신여대입구(돈암),"54,274","68,070","24,339","24,009",2020-06-03 11:49:03
2020-05,우이신설선,4712,보문,"24,981","25,213","13,017","13,430",2020-06-03 11:49:03
2020-05,우이신설선,4713,신설동,"32,088","34,235","20,732","18,653",2020-06-03 11:49:03
